"study_site","depth_maps_generation_quality","depth_maps_generation_filtering_mode","total_sparse_point_cloud_processing_time_mins","total_dense_point_cloud_processing_time_mins","dense_point_cloud_points","dense_cloud_generation_file_size_mb","x_error_m","y_error_m","z_error_m","xy_error_m","total_error_m","number_of_images","flying_altitude_m","tie_points","ground_resolution_cm_pix","coverage_area_km2","reprojection_error_pix","general_cameras","general_aligned_cameras","general_coordinate_system","general_rotation_angles","point_cloud_points","point_cloud_rms_reprojection_error","point_cloud_max_reprojection_error","point_cloud_mean_key_point_size","point_cloud_point_colors","point_cloud_key_points","point_cloud_average_tie_point_multiplicity","alignment_accuracy","alignment_generic_preselection","alignment_reference_preselection","alignment_key_point_limit","alignment_tie_point_limit","alignment_guided_image_matching","alignment_adaptive_camera_model_fitting","alignment_matching_time_mins","alignment_matching_memory_usage_mb","alignment_alignment_time_mins","alignment_alignment_memory_usage_mb","alignment_software_version","alignment_file_size_mb","depth_maps_count","depth_maps_generation_processing_time_mins","depth_maps_generation_memory_usage_mb","depth_maps_generation_software_version","depth_maps_generation_file_size_mb","dense_point_cloud_point_colors","dense_cloud_generation_processing_time_mins","dense_cloud_generation_memory_usage_mb","dense_cloud_generation_software_version"
"KAIBAB_HIGH","Ultra High","Aggressive",1.6,208,225918417,3160,1.42052,1.02961,0.475722,1.75441,1.81777,132,94.1,109282,2.29,0.0397,0.704,132,132,"w gs 84 (epsg::4326)","yaw, pitch, roll","109,282 of 118,009","0.149663 (0.703638 pix)","0.453748 (34.8372 pix)","3.80033 pix","3 bands, uint8","no","3.56183","high","yes","source","40,000","4,000","no","yes",1.11666666666667,375.78,0.483333333333333,66.08,"1.6.4.10928",9.27,132,62,6090,"1.6.4.10928",1940,"3 bands, uint8",146,31400,"1.6.4.10928"
"KAIBAB_HIGH","Ultra High","Moderate",1.6,231,305690646,4290,1.42052,1.02961,0.475722,1.75441,1.81777,132,94.1,109282,2.21,0.0402,0.704,132,132,"w gs 84 (epsg::4326)","yaw, pitch, roll","109,282 of 118,009","0.149663 (0.703638 pix)","0.453748 (34.8372 pix)","3.80033 pix","3 bands, uint8","no","3.56183","high","yes","source","40,000","4,000","no","yes",1.11666666666667,375.78,0.483333333333333,66.08,"1.6.4.10928",9.27,132,63,6210,"1.6.4.10928",2700,"3 bands, uint8",168,31890,"1.6.4.10928"
"KAIBAB_HIGH","Ultra High","Mild",1.6,205,295828394,4150,1.42052,1.02961,0.475722,1.75441,1.81777,132,94.1,109282,2.22,0.0398,0.704,132,132,"w gs 84 (epsg::4326)","yaw, pitch, roll","109,282 of 118,009","0.149663 (0.703638 pix)","0.453748 (34.8372 pix)","3.80033 pix","3 bands, uint8","no","3.56183","high","yes","source","40,000","4,000","no","yes",1.11666666666667,375.78,0.483333333333333,66.08,"1.6.4.10928",9.27,132,64,6180,"1.6.4.10928",2530,"3 bands, uint8",141,31730,"1.6.4.10928"
"KAIBAB_HIGH","Ultra High","Disabled",1.6,221,314989231,4430,1.42052,1.02961,0.475722,1.75441,1.81777,132,94.1,109282,2.2,0.0405,0.704,132,132,"w gs 84 (epsg::4326)","yaw, pitch, roll","109,282 of 118,009","0.149663 (0.703638 pix)","0.453748 (34.8372 pix)","3.80033 pix","3 bands, uint8","no","3.56183","high","yes","source","40,000","4,000","no","yes",1.11666666666667,375.78,0.483333333333333,66.08,"1.6.4.10928",9.27,132,64,6220,"1.6.4.10928",2970,"3 bands, uint8",157,31890,"1.6.4.10928"
"KAIBAB_HIGH","High","Aggressive",1.6,53.2,52974294,760.56,1.42052,1.02961,0.475722,1.75441,1.81777,132,94.1,109282,2.26,0.0396,0.704,132,132,"w gs 84 (epsg::4326)","yaw, pitch, roll","109,282 of 118,009","0.149663 (0.703638 pix)","0.453748 (34.8372 pix)","3.80033 pix","3 bands, uint8","no","3.56183","high","yes","source","40,000","4,000","no","yes",1.11666666666667,375.78,0.483333333333333,66.08,"1.6.4.10928",9.27,132,15.25,1930,"1.6.4.10928",611,"3 bands, uint8",37.95,8140,"1.6.4.10928"
"KAIBAB_HIGH","High","Moderate",1.6,63.4666666666666,69825916,1004.16,1.42052,1.02961,0.475722,1.75441,1.81777,132,94.1,109282,2.19,0.0399,0.704,132,132,"w gs 84 (epsg::4326)","yaw, pitch, roll","109,282 of 118,009","0.149663 (0.703638 pix)","0.453748 (34.8372 pix)","3.80033 pix","3 bands, uint8","no","3.56183","high","yes","source","40,000","4,000","no","yes",1.11666666666667,375.78,0.483333333333333,66.08,"1.6.4.10928",9.27,132,15.4333333333333,2020,"1.6.4.10928",814.16,"3 bands, uint8",48.0333333333333,8120,"1.6.4.10928"
"KAIBAB_HIGH","High","Mild",1.6,54.3333333333333,69858217,1004.88,1.42052,1.02961,0.475722,1.75441,1.81777,132,94.1,109282,2.2,0.0396,0.704,132,132,"w gs 84 (epsg::4326)","yaw, pitch, roll","109,282 of 118,009","0.149663 (0.703638 pix)","0.453748 (34.8372 pix)","3.80033 pix","3 bands, uint8","no","3.56183","high","yes","source","40,000","4,000","no","yes",1.11666666666667,375.78,0.483333333333333,66.08,"1.6.4.10928",9.27,132,15.8,1870,"1.6.4.10928",775.67,"3 bands, uint8",38.5333333333333,8100,"1.6.4.10928"
"KAIBAB_HIGH","High","Disabled",1.6,58.7166666666667,72549206,1020,1.42052,1.02961,0.475722,1.75441,1.81777,132,94.1,109282,2.18,0.0399,0.704,132,132,"w gs 84 (epsg::4326)","yaw, pitch, roll","109,282 of 118,009","0.149663 (0.703638 pix)","0.453748 (34.8372 pix)","3.80033 pix","3 bands, uint8","no","3.56183","high","yes","source","40,000","4,000","no","yes",1.11666666666667,375.78,0.483333333333333,66.08,"1.6.4.10928",9.27,132,15.8166666666667,2020,"1.6.4.10928",868.53,"3 bands, uint8",42.9,8170,"1.6.4.10928"
"KAIBAB_HIGH","Medium","Aggressive",1.6,15.3833333333334,13124591,188.41,1.42052,1.02961,0.475722,1.75441,1.81777,132,94.1,109282,2.24,0.0382,0.704,132,132,"w gs 84 (epsg::4326)","yaw, pitch, roll","109,282 of 118,009","0.149663 (0.703638 pix)","0.453748 (34.8372 pix)","3.80033 pix","3 bands, uint8","no","3.56183","high","yes","source","40,000","4,000","no","yes",1.11666666666667,375.78,0.483333333333333,66.08,"1.6.4.10928",9.27,132,4.21666666666667,628.7,"1.6.4.10928",175.9,"3 bands, uint8",11.1666666666667,3090,"1.6.4.10928"
"KAIBAB_HIGH","Medium","Moderate",1.6,16.7666666666667,16754978,240.86,1.42052,1.02961,0.475722,1.75441,1.81777,132,94.1,109282,2.16,0.0389,0.704,132,132,"w gs 84 (epsg::4326)","yaw, pitch, roll","109,282 of 118,009","0.149663 (0.703638 pix)","0.453748 (34.8372 pix)","3.80033 pix","3 bands, uint8","no","3.56183","high","yes","source","40,000","4,000","no","yes",1.11666666666667,375.78,0.483333333333333,66.08,"1.6.4.10928",9.27,132,4.21666666666667,704.75,"1.6.4.10928",238.08,"3 bands, uint8",12.55,3450,"1.6.4.10928"
"KAIBAB_HIGH","Medium","Mild",1.6,14.5166666666667,17001684,244.42,1.42052,1.02961,0.475722,1.75441,1.81777,132,94.1,109282,2.17,0.0386,0.704,132,132,"w gs 84 (epsg::4326)","yaw, pitch, roll","109,282 of 118,009","0.149663 (0.703638 pix)","0.453748 (34.8372 pix)","3.80033 pix","3 bands, uint8","no","3.56183","high","yes","source","40,000","4,000","no","yes",1.11666666666667,375.78,0.483333333333333,66.08,"1.6.4.10928",9.27,132,4.26666666666667,661.3,"1.6.4.10928",230.88,"3 bands, uint8",10.25,3410,"1.6.4.10928"
"KAIBAB_HIGH","Medium","Disabled",1.6,15.6666666666667,17370148,250.07,1.42052,1.02961,0.475722,1.75441,1.81777,132,94.1,109282,2.16,0.0389,0.704,132,132,"w gs 84 (epsg::4326)","yaw, pitch, roll","109,282 of 118,009","0.149663 (0.703638 pix)","0.453748 (34.8372 pix)","3.80033 pix","3 bands, uint8","no","3.56183","high","yes","source","40,000","4,000","no","yes",1.11666666666667,375.78,0.483333333333333,66.08,"1.6.4.10928",9.27,132,4.31666666666667,757.06,"1.6.4.10928",251.13,"3 bands, uint8",11.35,3320,"1.6.4.10928"
"KAIBAB_HIGH","Low","Aggressive",1.6,4.88333333333334,3367063,48.25,1.42052,1.02961,0.475722,1.75441,1.81777,132,94.1,109282,2.26,0.0265,0.704,132,132,"w gs 84 (epsg::4326)","yaw, pitch, roll","109,282 of 118,009","0.149663 (0.703638 pix)","0.453748 (34.8372 pix)","3.80033 pix","3 bands, uint8","no","3.56183","high","yes","source","40,000","4,000","no","yes",1.11666666666667,375.78,0.483333333333333,66.08,"1.6.4.10928",9.27,132,1.61666666666667,407.78,"1.6.4.10928",48.34,"3 bands, uint8",3.26666666666667,1340,"1.6.4.10928"
"KAIBAB_HIGH","Low","Moderate",1.6,5.11666666666666,4118789,59.09,1.42052,1.02961,0.475722,1.75441,1.81777,132,94.1,109282,2.15,0.0286,0.704,132,132,"w gs 84 (epsg::4326)","yaw, pitch, roll","109,282 of 118,009","0.149663 (0.703638 pix)","0.453748 (34.8372 pix)","3.80033 pix","3 bands, uint8","no","3.56183","high","yes","source","40,000","4,000","no","yes",1.11666666666667,375.78,0.483333333333333,66.08,"1.6.4.10928",9.27,132,1.63333333333333,560.84,"1.6.4.10928",67.18,"3 bands, uint8",3.48333333333333,1520,"1.6.4.10928"
"KAIBAB_HIGH","Low","Mild",1.6,4.8,4244952,60.91,1.42052,1.02961,0.475722,1.75441,1.81777,132,94.1,109282,2.14,0.0287,0.704,132,132,"w gs 84 (epsg::4326)","yaw, pitch, roll","109,282 of 118,009","0.149663 (0.703638 pix)","0.453748 (34.8372 pix)","3.80033 pix","3 bands, uint8","no","3.56183","high","yes","source","40,000","4,000","no","yes",1.11666666666667,375.78,0.483333333333333,66.08,"1.6.4.10928",9.27,132,1.66666666666667,550.54,"1.6.4.10928",67.84,"3 bands, uint8",3.13333333333333,1610,"1.6.4.10928"
"KAIBAB_HIGH","Low","Disabled",1.6,4.75,4275740,61.41,1.42052,1.02961,0.475722,1.75441,1.81777,132,94.1,109282,2.14,0.0288,0.704,132,132,"w gs 84 (epsg::4326)","yaw, pitch, roll","109,282 of 118,009","0.149663 (0.703638 pix)","0.453748 (34.8372 pix)","3.80033 pix","3 bands, uint8","no","3.56183","high","yes","source","40,000","4,000","no","yes",1.11666666666667,375.78,0.483333333333333,66.08,"1.6.4.10928",9.27,132,1.63333333333333,227.89,"1.6.4.10928",72.12,"3 bands, uint8",3.11666666666667,1250,"1.6.4.10928"
"KAIBAB_HIGH","Lowest","Aggressive",1.6,1.9,879661,12.58,1.42052,1.02961,0.475722,1.75441,1.81777,132,94.1,109282,2.2,0.0108,0.704,132,132,"w gs 84 (epsg::4326)","yaw, pitch, roll","109,282 of 118,009","0.149663 (0.703638 pix)","0.453748 (34.8372 pix)","3.80033 pix","3 bands, uint8","no","3.56183","high","yes","source","40,000","4,000","no","yes",1.11666666666667,375.78,0.483333333333333,66.08,"1.6.4.10928",9.27,132,0.883333333333333,377.14,"1.6.4.10928",13.9,"3 bands, uint8",1.01666666666667,568.19,"1.6.4.10928"
"KAIBAB_HIGH","Lowest","Moderate",1.6,1.91666666666666,982800,14.07,1.42052,1.02961,0.475722,1.75441,1.81777,132,94.1,109282,2.15,0.0113,0.704,132,132,"w gs 84 (epsg::4326)","yaw, pitch, roll","109,282 of 118,009","0.149663 (0.703638 pix)","0.453748 (34.8372 pix)","3.80033 pix","3 bands, uint8","no","3.56183","high","yes","source","40,000","4,000","no","yes",1.11666666666667,375.78,0.483333333333333,66.08,"1.6.4.10928",9.27,132,0.883333333333333,208.2,"1.6.4.10928",17.91,"3 bands, uint8",1.03333333333333,460.65,"1.6.4.10928"
"KAIBAB_HIGH","Lowest","Mild",1.6,1.81666666666667,1030952,14.75,1.42052,1.02961,0.475722,1.75441,1.81777,132,94.1,109282,2.14,0.0116,0.704,132,132,"w gs 84 (epsg::4326)","yaw, pitch, roll","109,282 of 118,009","0.149663 (0.703638 pix)","0.453748 (34.8372 pix)","3.80033 pix","3 bands, uint8","no","3.56183","high","yes","source","40,000","4,000","no","yes",1.11666666666667,375.78,0.483333333333333,66.08,"1.6.4.10928",9.27,132,0.9,393.23,"1.6.4.10928",18.39,"3 bands, uint8",0.916666666666667,451.61,"1.6.4.10928"
"KAIBAB_HIGH","Lowest","Disabled",1.6,1.83333333333333,1029377,14.75,1.42052,1.02961,0.475722,1.75441,1.81777,132,94.1,109282,2.13,0.0116,0.704,132,132,"w gs 84 (epsg::4326)","yaw, pitch, roll","109,282 of 118,009","0.149663 (0.703638 pix)","0.453748 (34.8372 pix)","3.80033 pix","3 bands, uint8","no","3.56183","high","yes","source","40,000","4,000","no","yes",1.11666666666667,375.78,0.483333333333333,66.08,"1.6.4.10928",9.27,132,0.9,267.3,"1.6.4.10928",19.26,"3 bands, uint8",0.933333333333333,603.88,"1.6.4.10928"
"KAIBAB_LOW","Ultra High","Aggressive",2.41666666666667,460,155856151,2190,0.526468,0.364297,0.665688,0.640219,0.923591,153,97.8,87479,2.41,0.0443,0.983,153,153,"w gs 84 (epsg::4326)","yaw, pitch, roll","87,479 of 96,940","0.201039 (0.983438 pix)","0.610105 (47.6289 pix)","3.36552 pix","3 bands, uint8","no","6.67789","high","yes","source","40,000","4,000","no","yes",1.35,419.25,1.06666666666667,48.1,"1.6.4.10928",12.18,153,186,12640,"1.6.4.10928",3080,"3 bands, uint8",274,33420,"1.6.4.10928"
"KAIBAB_LOW","Ultra High","Moderate",2.41666666666667,451,196103519,2760,0.526468,0.364297,0.665688,0.640219,0.923591,153,97.8,87479,2.38,0.0445,0.983,153,153,"w gs 84 (epsg::4326)","yaw, pitch, roll","87,479 of 96,940","0.201039 (0.983438 pix)","0.610105 (47.6289 pix)","3.36552 pix","3 bands, uint8","no","6.67789","high","yes","source","40,000","4,000","no","yes",1.35,419.25,1.06666666666667,48.1,"1.6.4.10928",12.18,153,188,12150,"1.6.4.10928",3570,"3 bands, uint8",263,33450,"1.6.4.10928"
"KAIBAB_LOW","Ultra High","Mild",2.41666666666667,420,197932349,2780,0.526468,0.364297,0.665688,0.640219,0.923591,153,97.8,87479,2.38,0.0443,0.983,153,153,"w gs 84 (epsg::4326)","yaw, pitch, roll","87,479 of 96,940","0.201039 (0.983438 pix)","0.610105 (47.6289 pix)","3.36552 pix","3 bands, uint8","no","6.67789","high","yes","source","40,000","4,000","no","yes",1.35,419.25,1.06666666666667,48.1,"1.6.4.10928",12.18,153,191,12180,"1.6.4.10928",3420,"3 bands, uint8",229,33430,"1.6.4.10928"
"KAIBAB_LOW","Ultra High","Disabled",2.41666666666667,444,197518175,2780,0.526468,0.364297,0.665688,0.640219,0.923591,153,97.8,87479,2.38,0.0448,0.983,153,153,"w gs 84 (epsg::4326)","yaw, pitch, roll","87,479 of 96,940","0.201039 (0.983438 pix)","0.610105 (47.6289 pix)","3.36552 pix","3 bands, uint8","no","6.67789","high","yes","source","40,000","4,000","no","yes",1.35,419.25,1.06666666666667,48.1,"1.6.4.10928",12.18,153,191,12150,"1.6.4.10928",3760,"3 bands, uint8",253,33560,"1.6.4.10928"
"KAIBAB_LOW","High","Aggressive",2.41666666666667,110.633333333333,35408403,509.12,0.526468,0.364297,0.665688,0.640219,0.923591,153,97.8,87479,2.4,0.0442,0.983,153,153,"w gs 84 (epsg::4326)","yaw, pitch, roll","87,479 of 96,940","0.201039 (0.983438 pix)","0.610105 (47.6289 pix)","3.36552 pix","3 bands, uint8","no","6.67789","high","yes","source","40,000","4,000","no","yes",1.35,419.25,1.06666666666667,48.1,"1.6.4.10928",12.18,153,45.6333333333333,3490,"1.6.4.10928",916.34,"3 bands, uint8",65,10290,"1.6.4.10928"
"KAIBAB_LOW","High","Moderate",2.41666666666667,106.833333333333,44384547,638.32,0.526468,0.364297,0.665688,0.640219,0.923591,153,97.8,87479,2.37,0.0442,0.983,153,153,"w gs 84 (epsg::4326)","yaw, pitch, roll","87,479 of 96,940","0.201039 (0.983438 pix)","0.610105 (47.6289 pix)","3.36552 pix","3 bands, uint8","no","6.67789","high","yes","source","40,000","4,000","no","yes",1.35,419.25,1.06666666666667,48.1,"1.6.4.10928",12.18,153,45.8333333333333,3580,"1.6.4.10928",1000,"3 bands, uint8",61,10710,"1.6.4.10928"
"KAIBAB_LOW","High","Mild",2.41666666666667,99.05,45907505,660.34,0.526468,0.364297,0.665688,0.640219,0.923591,153,97.8,87479,2.37,0.044,0.983,153,153,"w gs 84 (epsg::4326)","yaw, pitch, roll","87,479 of 96,940","0.201039 (0.983438 pix)","0.610105 (47.6289 pix)","3.36552 pix","3 bands, uint8","no","6.67789","high","yes","source","40,000","4,000","no","yes",1.35,419.25,1.06666666666667,48.1,"1.6.4.10928",12.18,153,46.7833333333333,3460,"1.6.4.10928",996.05,"3 bands, uint8",52.2666666666667,10640,"1.6.4.10928"
"KAIBAB_LOW","High","Disabled",2.41666666666667,100.9,45946662,661.75,0.526468,0.364297,0.665688,0.640219,0.923591,153,97.8,87479,2.37,0.0443,0.983,153,153,"w gs 84 (epsg::4326)","yaw, pitch, roll","87,479 of 96,940","0.201039 (0.983438 pix)","0.610105 (47.6289 pix)","3.36552 pix","3 bands, uint8","no","6.67789","high","yes","source","40,000","4,000","no","yes",1.35,419.25,1.06666666666667,48.1,"1.6.4.10928",12.18,153,46.8666666666667,3530,"1.6.4.10928",1030,"3 bands, uint8",54.0333333333333,10540,"1.6.4.10928"
"KAIBAB_LOW","Medium","Aggressive",2.41666666666667,29.7333333333333,8535224,122.54,0.526468,0.364297,0.665688,0.640219,0.923591,153,97.8,87479,2.41,0.0433,0.983,153,153,"w gs 84 (epsg::4326)","yaw, pitch, roll","87,479 of 96,940","0.201039 (0.983438 pix)","0.610105 (47.6289 pix)","3.36552 pix","3 bands, uint8","no","6.67789","high","yes","source","40,000","4,000","no","yes",1.35,419.25,1.06666666666667,48.1,"1.6.4.10928",12.18,153,12.1333333333333,1140,"1.6.4.10928",261.18,"3 bands, uint8",17.6,3460,"1.6.4.10928"
"KAIBAB_LOW","Medium","Moderate",2.41666666666667,28.15,10523721,151.14,0.526468,0.364297,0.665688,0.640219,0.923591,153,97.8,87479,2.37,0.0433,0.983,153,153,"w gs 84 (epsg::4326)","yaw, pitch, roll","87,479 of 96,940","0.201039 (0.983438 pix)","0.610105 (47.6289 pix)","3.36552 pix","3 bands, uint8","no","6.67789","high","yes","source","40,000","4,000","no","yes",1.35,419.25,1.06666666666667,48.1,"1.6.4.10928",12.18,153,12.1166666666667,1270,"1.6.4.10928",289.94,"3 bands, uint8",16.0333333333333,3900,"1.6.4.10928"
"KAIBAB_LOW","Medium","Mild",2.41666666666667,26.1333333333334,11010281,158.18,0.526468,0.364297,0.665688,0.640219,0.923591,153,97.8,87479,2.37,0.0431,0.983,153,153,"w gs 84 (epsg::4326)","yaw, pitch, roll","87,479 of 96,940","0.201039 (0.983438 pix)","0.610105 (47.6289 pix)","3.36552 pix","3 bands, uint8","no","6.67789","high","yes","source","40,000","4,000","no","yes",1.35,419.25,1.06666666666667,48.1,"1.6.4.10928",12.18,153,12.3666666666667,1180,"1.6.4.10928",284.33,"3 bands, uint8",13.7666666666667,3610,"1.6.4.10928"
"KAIBAB_LOW","Medium","Disabled",2.41666666666667,26.3833333333333,10991247,158.03,0.526468,0.364297,0.665688,0.640219,0.923591,153,97.8,87479,2.36,0.0434,0.983,153,153,"w gs 84 (epsg::4326)","yaw, pitch, roll","87,479 of 96,940","0.201039 (0.983438 pix)","0.610105 (47.6289 pix)","3.36552 pix","3 bands, uint8","no","6.67789","high","yes","source","40,000","4,000","no","yes",1.35,419.25,1.06666666666667,48.1,"1.6.4.10928",12.18,153,12.4,1250,"1.6.4.10928",295.18,"3 bands, uint8",13.9833333333333,3870,"1.6.4.10928"
"KAIBAB_LOW","Low","Aggressive",2.41666666666667,9.61666666666667,2064899,29.6,0.526468,0.364297,0.665688,0.640219,0.923591,153,97.8,87479,2.41,0.0253,0.983,153,153,"w gs 84 (epsg::4326)","yaw, pitch, roll","87,479 of 96,940","0.201039 (0.983438 pix)","0.610105 (47.6289 pix)","3.36552 pix","3 bands, uint8","no","6.67789","high","yes","source","40,000","4,000","no","yes",1.35,419.25,1.06666666666667,48.1,"1.6.4.10928",12.18,153,4.6,582.23,"1.6.4.10928",72.69,"3 bands, uint8",5.01666666666667,1510,"1.6.4.10928"
"KAIBAB_LOW","Low","Moderate",2.41666666666667,8.91666666666667,2513781,36.04,0.526468,0.364297,0.665688,0.640219,0.923591,153,97.8,87479,2.38,0.0267,0.983,153,153,"w gs 84 (epsg::4326)","yaw, pitch, roll","87,479 of 96,940","0.201039 (0.983438 pix)","0.610105 (47.6289 pix)","3.36552 pix","3 bands, uint8","no","6.67789","high","yes","source","40,000","4,000","no","yes",1.35,419.25,1.06666666666667,48.1,"1.6.4.10928",12.18,153,4.6,231.91,"1.6.4.10928",80.71,"3 bands, uint8",4.31666666666667,1630,"1.6.4.10928"
"KAIBAB_LOW","Low","Mild",2.41666666666667,8.4,2698883,38.7,0.526468,0.364297,0.665688,0.640219,0.923591,153,97.8,87479,2.36,0.0269,0.983,153,153,"w gs 84 (epsg::4326)","yaw, pitch, roll","87,479 of 96,940","0.201039 (0.983438 pix)","0.610105 (47.6289 pix)","3.36552 pix","3 bands, uint8","no","6.67789","high","yes","source","40,000","4,000","no","yes",1.35,419.25,1.06666666666667,48.1,"1.6.4.10928",12.18,153,4.65,259.36,"1.6.4.10928",80.98,"3 bands, uint8",3.75,1680,"1.6.4.10928"
"KAIBAB_LOW","Low","Disabled",2.41666666666667,8.43333333333333,2668892,38.3,0.526468,0.364297,0.665688,0.640219,0.923591,153,97.8,87479,2.36,0.0273,0.983,153,153,"w gs 84 (epsg::4326)","yaw, pitch, roll","87,479 of 96,940","0.201039 (0.983438 pix)","0.610105 (47.6289 pix)","3.36552 pix","3 bands, uint8","no","6.67789","high","yes","source","40,000","4,000","no","yes",1.35,419.25,1.06666666666667,48.1,"1.6.4.10928",12.18,153,4.63333333333333,649.18,"1.6.4.10928",82.96,"3 bands, uint8",3.8,1680,"1.6.4.10928"
"KAIBAB_LOW","Lowest","Aggressive",2.41666666666667,3.95,494354,7.08,0.526468,0.364297,0.665688,0.640219,0.923591,153,97.8,87479,2.4,7820,0.983,153,153,"w gs 84 (epsg::4326)","yaw, pitch, roll","87,479 of 96,940","0.201039 (0.983438 pix)","0.610105 (47.6289 pix)","3.36552 pix","3 bands, uint8","no","6.67789","high","yes","source","40,000","4,000","no","yes",1.35,419.25,1.06666666666667,48.1,"1.6.4.10928",12.18,153,2.28333333333333,304.2,"1.6.4.10928",20.66,"3 bands, uint8",1.66666666666667,581.08,"1.6.4.10928"
"KAIBAB_LOW","Lowest","Moderate",2.41666666666667,3.81666666666667,560034,8.02,0.526468,0.364297,0.665688,0.640219,0.923591,153,97.8,87479,2.39,8380,0.983,153,153,"w gs 84 (epsg::4326)","yaw, pitch, roll","87,479 of 96,940","0.201039 (0.983438 pix)","0.610105 (47.6289 pix)","3.36552 pix","3 bands, uint8","no","6.67789","high","yes","source","40,000","4,000","no","yes",1.35,419.25,1.06666666666667,48.1,"1.6.4.10928",12.18,153,2.26666666666667,231.12,"1.6.4.10928",21.18,"3 bands, uint8",1.55,409.98,"1.6.4.10928"
"KAIBAB_LOW","Lowest","Mild",2.41666666666667,3.56666666666666,619700,8.88,0.526468,0.364297,0.665688,0.640219,0.923591,153,97.8,87479,2.37,8690,0.983,153,153,"w gs 84 (epsg::4326)","yaw, pitch, roll","87,479 of 96,940","0.201039 (0.983438 pix)","0.610105 (47.6289 pix)","3.36552 pix","3 bands, uint8","no","6.67789","high","yes","source","40,000","4,000","no","yes",1.35,419.25,1.06666666666667,48.1,"1.6.4.10928",12.18,153,2.23333333333333,232.96,"1.6.4.10928",21.34,"3 bands, uint8",1.33333333333333,565.29,"1.6.4.10928"
"KAIBAB_LOW","Lowest","Disabled",2.41666666666667,3.61666666666667,608219,8.72,0.526468,0.364297,0.665688,0.640219,0.923591,153,97.8,87479,2.37,8750,0.983,153,153,"w gs 84 (epsg::4326)","yaw, pitch, roll","87,479 of 96,940","0.201039 (0.983438 pix)","0.610105 (47.6289 pix)","3.36552 pix","3 bands, uint8","no","6.67789","high","yes","source","40,000","4,000","no","yes",1.35,419.25,1.06666666666667,48.1,"1.6.4.10928",12.18,153,2.25,233,"1.6.4.10928",21.82,"3 bands, uint8",1.36666666666667,552.07,"1.6.4.10928"
"N1","Ultra High","Aggressive",2.01666666666667,453,238477174,3340,0.138119,0.306927,0.285838,0.336572,0.44157,154,96.3,114326,2.32,0.0428,0.924,154,154,"w gs 84 (epsg::4326)","yaw, pitch, roll","114,326 of 122,606","0.16345 (0.92448 pix)","0.49433 (39.5382 pix)","3.49367 pix","3 bands, uint8","no","5.15851","high","yes","source","40,000","4,000","no","yes",1.31666666666667,326.39,0.7,162.76,"1.6.4.10928",12.64,154,162,11040,"1.6.4.10928",3200,"3 bands, uint8",291,32900,"1.6.4.10928"
"N1","Ultra High","Moderate",2.01666666666667,462,297734538,4180,0.138119,0.306927,0.285838,0.336572,0.44157,154,96.3,114326,2.27,0.0431,0.924,154,154,"w gs 84 (epsg::4326)","yaw, pitch, roll","114,326 of 122,606","0.16345 (0.92448 pix)","0.49433 (39.5382 pix)","3.49367 pix","3 bands, uint8","no","5.15851","high","yes","source","40,000","4,000","no","yes",1.31666666666667,326.39,0.7,162.76,"1.6.4.10928",12.64,154,162,10960,"1.6.4.10928",3890,"3 bands, uint8",300,32390,"1.6.4.10928"
"N1","Ultra High","Mild",2.01666666666667,409,296762643,4170,0.138119,0.306927,0.285838,0.336572,0.44157,154,96.3,114326,2.28,0.0428,0.924,154,154,"w gs 84 (epsg::4326)","yaw, pitch, roll","114,326 of 122,606","0.16345 (0.92448 pix)","0.49433 (39.5382 pix)","3.49367 pix","3 bands, uint8","no","5.15851","high","yes","source","40,000","4,000","no","yes",1.31666666666667,326.39,0.7,162.76,"1.6.4.10928",12.64,154,166,10930,"1.6.4.10928",3680,"3 bands, uint8",243,32940,"1.6.4.10928"
"N1","Ultra High","Disabled",2.01666666666667,429,302526097,4260,0.138119,0.306927,0.285838,0.336572,0.44157,154,96.3,114326,2.27,0.0434,0.924,154,154,"w gs 84 (epsg::4326)","yaw, pitch, roll","114,326 of 122,606","0.16345 (0.92448 pix)","0.49433 (39.5382 pix)","3.49367 pix","3 bands, uint8","no","5.15851","high","yes","source","40,000","4,000","no","yes",1.31666666666667,326.39,0.7,162.76,"1.6.4.10928",12.64,154,166,11120,"1.6.4.10928",4060,"3 bands, uint8",263,33020,"1.6.4.10928"
"N1","High","Aggressive",2.01666666666667,109.266666666667,54635035,785.25,0.138119,0.306927,0.285838,0.336572,0.44157,154,96.3,114326,2.3,0.0422,0.924,154,154,"w gs 84 (epsg::4326)","yaw, pitch, roll","114,326 of 122,606","0.16345 (0.92448 pix)","0.49433 (39.5382 pix)","3.49367 pix","3 bands, uint8","no","5.15851","high","yes","source","40,000","4,000","no","yes",1.31666666666667,326.39,0.7,162.76,"1.6.4.10928",12.64,154,39.2666666666667,3290,"1.6.4.10928",946.5,"3 bands, uint8",70,10660,"1.6.4.10928"
"N1","High","Moderate",2.01666666666667,108.35,65853690,947.12,0.138119,0.306927,0.285838,0.336572,0.44157,154,96.3,114326,2.26,0.0425,0.924,154,154,"w gs 84 (epsg::4326)","yaw, pitch, roll","114,326 of 122,606","0.16345 (0.92448 pix)","0.49433 (39.5382 pix)","3.49367 pix","3 bands, uint8","no","5.15851","high","yes","source","40,000","4,000","no","yes",1.31666666666667,326.39,0.7,162.76,"1.6.4.10928",12.64,154,39.35,3080,"1.6.4.10928",1070,"3 bands, uint8",69,11340,"1.6.4.10928"
"N1","High","Mild",2.01666666666667,98.8,67272116,967.81,0.138119,0.306927,0.285838,0.336572,0.44157,154,96.3,114326,2.27,0.0423,0.924,154,154,"w gs 84 (epsg::4326)","yaw, pitch, roll","114,326 of 122,606","0.16345 (0.92448 pix)","0.49433 (39.5382 pix)","3.49367 pix","3 bands, uint8","no","5.15851","high","yes","source","40,000","4,000","no","yes",1.31666666666667,326.39,0.7,162.76,"1.6.4.10928",12.64,154,40.3833333333333,3040,"1.6.4.10928",1040,"3 bands, uint8",58.4166666666667,11360,"1.6.4.10928"
"N1","High","Disabled",2.01666666666667,100.316666666667,67867340,977.39,0.138119,0.306927,0.285838,0.336572,0.44157,154,96.3,114326,2.26,0.0427,0.924,154,154,"w gs 84 (epsg::4326)","yaw, pitch, roll","114,326 of 122,606","0.16345 (0.92448 pix)","0.49433 (39.5382 pix)","3.49367 pix","3 bands, uint8","no","5.15851","high","yes","source","40,000","4,000","no","yes",1.31666666666667,326.39,0.7,162.76,"1.6.4.10928",12.64,154,40.3166666666667,3180,"1.6.4.10928",1100,"3 bands, uint8",60,11130,"1.6.4.10928"
"N1","Medium","Aggressive",2.01666666666667,28.75,13316220,191.25,0.138119,0.306927,0.285838,0.336572,0.44157,154,96.3,114326,2.3,0.0406,0.924,154,154,"w gs 84 (epsg::4326)","yaw, pitch, roll","114,326 of 122,606","0.16345 (0.92448 pix)","0.49433 (39.5382 pix)","3.49367 pix","3 bands, uint8","no","5.15851","high","yes","source","40,000","4,000","no","yes",1.31666666666667,326.39,0.7,162.76,"1.6.4.10928",12.64,154,10.3666666666667,936.7,"1.6.4.10928",267.18,"3 bands, uint8",18.3833333333333,3700,"1.6.4.10928"
"N1","Medium","Moderate",2.01666666666667,28.3333333333333,15715020,225.87,0.138119,0.306927,0.285838,0.336572,0.44157,154,96.3,114326,2.25,0.041,0.924,154,154,"w gs 84 (epsg::4326)","yaw, pitch, roll","114,326 of 122,606","0.16345 (0.92448 pix)","0.49433 (39.5382 pix)","3.49367 pix","3 bands, uint8","no","5.15851","high","yes","source","40,000","4,000","no","yes",1.31666666666667,326.39,0.7,162.76,"1.6.4.10928",12.64,154,10.4,1010,"1.6.4.10928",306.37,"3 bands, uint8",17.9333333333333,3640,"1.6.4.10928"
"N1","Medium","Mild",2.01666666666667,25.95,16108293,231.58,0.138119,0.306927,0.285838,0.336572,0.44157,154,96.3,114326,2.25,0.0407,0.924,154,154,"w gs 84 (epsg::4326)","yaw, pitch, roll","114,326 of 122,606","0.16345 (0.92448 pix)","0.49433 (39.5382 pix)","3.49367 pix","3 bands, uint8","no","5.15851","high","yes","source","40,000","4,000","no","yes",1.31666666666667,326.39,0.7,162.76,"1.6.4.10928",12.64,154,10.6166666666667,1130,"1.6.4.10928",299.9,"3 bands, uint8",15.3333333333333,3600,"1.6.4.10928"
"N1","Medium","Disabled",2.01666666666667,26.0833333333334,16000478,230.3,0.138119,0.306927,0.285838,0.336572,0.44157,154,96.3,114326,2.25,0.0411,0.924,154,154,"w gs 84 (epsg::4326)","yaw, pitch, roll","114,326 of 122,606","0.16345 (0.92448 pix)","0.49433 (39.5382 pix)","3.49367 pix","3 bands, uint8","no","5.15851","high","yes","source","40,000","4,000","no","yes",1.31666666666667,326.39,0.7,162.76,"1.6.4.10928",12.64,154,10.6166666666667,1040,"1.6.4.10928",312.49,"3 bands, uint8",15.4666666666667,3620,"1.6.4.10928"
"N1","Low","Aggressive",2.01666666666667,9.11666666666667,3149350,45.16,0.138119,0.306927,0.285838,0.336572,0.44157,154,96.3,114326,2.33,0.0231,0.924,154,154,"w gs 84 (epsg::4326)","yaw, pitch, roll","114,326 of 122,606","0.16345 (0.92448 pix)","0.49433 (39.5382 pix)","3.49367 pix","3 bands, uint8","no","5.15851","high","yes","source","40,000","4,000","no","yes",1.31666666666667,326.39,0.7,162.76,"1.6.4.10928",12.64,154,3.9,424.7,"1.6.4.10928",74.6,"3 bands, uint8",5.21666666666667,1720,"1.6.4.10928"
"N1","Low","Moderate",2.01666666666667,8.78333333333333,3812927,54.67,0.138119,0.306927,0.285838,0.336572,0.44157,154,96.3,114326,2.26,0.0251,0.924,154,154,"w gs 84 (epsg::4326)","yaw, pitch, roll","114,326 of 122,606","0.16345 (0.92448 pix)","0.49433 (39.5382 pix)","3.49367 pix","3 bands, uint8","no","5.15851","high","yes","source","40,000","4,000","no","yes",1.31666666666667,326.39,0.7,162.76,"1.6.4.10928",12.64,154,3.9,237.43,"1.6.4.10928",85.4,"3 bands, uint8",4.88333333333333,1940,"1.6.4.10928"
"N1","Low","Mild",2.01666666666667,8.28333333333333,3989441,57.21,0.138119,0.306927,0.285838,0.336572,0.44157,154,96.3,114326,2.25,0.0255,0.924,154,154,"w gs 84 (epsg::4326)","yaw, pitch, roll","114,326 of 122,606","0.16345 (0.92448 pix)","0.49433 (39.5382 pix)","3.49367 pix","3 bands, uint8","no","5.15851","high","yes","source","40,000","4,000","no","yes",1.31666666666667,326.39,0.7,162.76,"1.6.4.10928",12.64,154,3.98333333333333,509.49,"1.6.4.10928",85.67,"3 bands, uint8",4.3,1940,"1.6.4.10928"
"N1","Low","Disabled",2.01666666666667,8.26666666666667,3905220,56.06,0.138119,0.306927,0.285838,0.336572,0.44157,154,96.3,114326,2.25,0.0255,0.924,154,154,"w gs 84 (epsg::4326)","yaw, pitch, roll","114,326 of 122,606","0.16345 (0.92448 pix)","0.49433 (39.5382 pix)","3.49367 pix","3 bands, uint8","no","5.15851","high","yes","source","40,000","4,000","no","yes",1.31666666666667,326.39,0.7,162.76,"1.6.4.10928",12.64,154,3.95,477.11,"1.6.4.10928",87.82,"3 bands, uint8",4.31666666666667,1950,"1.6.4.10928"
"N1","Lowest","Aggressive",2.01666666666667,3.7,750365,10.73,0.138119,0.306927,0.285838,0.336572,0.44157,154,96.3,114326,2.33,7950,0.924,154,154,"w gs 84 (epsg::4326)","yaw, pitch, roll","114,326 of 122,606","0.16345 (0.92448 pix)","0.49433 (39.5382 pix)","3.49367 pix","3 bands, uint8","no","5.15851","high","yes","source","40,000","4,000","no","yes",1.31666666666667,326.39,0.7,162.76,"1.6.4.10928",12.64,154,1.98333333333333,230.32,"1.6.4.10928",21.65,"3 bands, uint8",1.71666666666667,634.88,"1.6.4.10928"
"N1","Lowest","Moderate",2.01666666666667,3.48333333333334,851864,12.18,0.138119,0.306927,0.285838,0.336572,0.44157,154,96.3,114326,2.29,8650,0.924,154,154,"w gs 84 (epsg::4326)","yaw, pitch, roll","114,326 of 122,606","0.16345 (0.92448 pix)","0.49433 (39.5382 pix)","3.49367 pix","3 bands, uint8","no","5.15851","high","yes","source","40,000","4,000","no","yes",1.31666666666667,326.39,0.7,162.76,"1.6.4.10928",12.64,154,1.91666666666667,365.67,"1.6.4.10928",22.54,"3 bands, uint8",1.56666666666667,554.82,"1.6.4.10928"
"N1","Lowest","Mild",2.01666666666667,3.33333333333333,927097,13.25,0.138119,0.306927,0.285838,0.336572,0.44157,154,96.3,114326,2.27,8960,0.924,154,154,"w gs 84 (epsg::4326)","yaw, pitch, roll","114,326 of 122,606","0.16345 (0.92448 pix)","0.49433 (39.5382 pix)","3.49367 pix","3 bands, uint8","no","5.15851","high","yes","source","40,000","4,000","no","yes",1.31666666666667,326.39,0.7,162.76,"1.6.4.10928",12.64,154,1.95,368.09,"1.6.4.10928",22.61,"3 bands, uint8",1.38333333333333,576.61,"1.6.4.10928"
"N1","Lowest","Disabled",2.01666666666667,3.38333333333333,916475,13.11,0.138119,0.306927,0.285838,0.336572,0.44157,154,96.3,114326,2.27,8890,0.924,154,154,"w gs 84 (epsg::4326)","yaw, pitch, roll","114,326 of 122,606","0.16345 (0.92448 pix)","0.49433 (39.5382 pix)","3.49367 pix","3 bands, uint8","no","5.15851","high","yes","source","40,000","4,000","no","yes",1.31666666666667,326.39,0.7,162.76,"1.6.4.10928",12.64,154,1.93333333333333,373.94,"1.6.4.10928",23.08,"3 bands, uint8",1.45,628.4,"1.6.4.10928"
"SQ09_02","Ultra High","Aggressive",2.13333333333334,443,217559182,3060,0.954792,1.30928,0.518462,1.62045,1.70137,157,86,124234,2.13,0.0475,0.826,157,157,"w gs 84 (epsg::4326)","yaw, pitch, roll","124,234 of 132,813","0.1882 (0.826198 pix)","0.566145 (44.357 pix)","3.17947 pix","3 bands, uint8","no","5.05508","high","yes","source","40,000","4,000","no","yes",1.41666666666667,330.93,0.716666666666667,169.25,"1.6.4.10928",13.49,157,137,10520,"1.6.4.10928",3460,"3 bands, uint8",306,33000,"1.6.4.10928"
"SQ09_02","Ultra High","Moderate",2.13333333333334,446,272794638,3830,0.954792,1.30928,0.518462,1.62045,1.70137,157,86,124234,2.1,0.0476,0.826,157,157,"w gs 84 (epsg::4326)","yaw, pitch, roll","124,234 of 132,813","0.1882 (0.826198 pix)","0.566145 (44.357 pix)","3.17947 pix","3 bands, uint8","no","5.05508","high","yes","source","40,000","4,000","no","yes",1.41666666666667,330.93,0.716666666666667,169.25,"1.6.4.10928",13.49,157,137,10510,"1.6.4.10928",3870,"3 bands, uint8",309,33020,"1.6.4.10928"
"SQ09_02","Ultra High","Mild",2.13333333333334,429,291594104,4100,0.954792,1.30928,0.518462,1.62045,1.70137,157,86,124234,2.1,0.0473,0.826,157,157,"w gs 84 (epsg::4326)","yaw, pitch, roll","124,234 of 132,813","0.1882 (0.826198 pix)","0.566145 (44.357 pix)","3.17947 pix","3 bands, uint8","no","5.05508","high","yes","source","40,000","4,000","no","yes",1.41666666666667,330.93,0.716666666666667,169.25,"1.6.4.10928",13.49,157,142,10210,"1.6.4.10928",3790,"3 bands, uint8",287,33040,"1.6.4.10928"
"SQ09_02","Ultra High","Disabled",2.13333333333334,455,286832972,4040,0.954792,1.30928,0.518462,1.62045,1.70137,157,86,124234,2.1,0.0476,0.826,157,157,"w gs 84 (epsg::4326)","yaw, pitch, roll","124,234 of 132,813","0.1882 (0.826198 pix)","0.566145 (44.357 pix)","3.17947 pix","3 bands, uint8","no","5.05508","high","yes","source","40,000","4,000","no","yes",1.41666666666667,330.93,0.716666666666667,169.25,"1.6.4.10928",13.49,157,141,10540,"1.6.4.10928",3990,"3 bands, uint8",314,33090,"1.6.4.10928"
"SQ09_02","High","Aggressive",2.13333333333334,94.8333333333333,48211628,694.71,0.954792,1.30928,0.518462,1.62045,1.70137,157,86,124234,2.12,0.0473,0.826,157,157,"w gs 84 (epsg::4326)","yaw, pitch, roll","124,234 of 132,813","0.1882 (0.826198 pix)","0.566145 (44.357 pix)","3.17947 pix","3 bands, uint8","no","5.05508","high","yes","source","40,000","4,000","no","yes",1.41666666666667,330.93,0.716666666666667,169.25,"1.6.4.10928",13.49,157,33.8333333333333,3050,"1.6.4.10928",973.22,"3 bands, uint8",61,8460,"1.6.4.10928"
"SQ09_02","High","Moderate",2.13333333333334,93.05,58394113,841.6,0.954792,1.30928,0.518462,1.62045,1.70137,157,86,124234,2.1,0.0473,0.826,157,157,"w gs 84 (epsg::4326)","yaw, pitch, roll","124,234 of 132,813","0.1882 (0.826198 pix)","0.566145 (44.357 pix)","3.17947 pix","3 bands, uint8","no","5.05508","high","yes","source","40,000","4,000","no","yes",1.41666666666667,330.93,0.716666666666667,169.25,"1.6.4.10928",13.49,157,33.6333333333333,2970,"1.6.4.10928",1030,"3 bands, uint8",59.4166666666667,8440,"1.6.4.10928"
"SQ09_02","High","Mild",2.13333333333334,86.9166666666667,63613745,916.58,0.954792,1.30928,0.518462,1.62045,1.70137,157,86,124234,2.1,0.047,0.826,157,157,"w gs 84 (epsg::4326)","yaw, pitch, roll","124,234 of 132,813","0.1882 (0.826198 pix)","0.566145 (44.357 pix)","3.17947 pix","3 bands, uint8","no","5.05508","high","yes","source","40,000","4,000","no","yes",1.41666666666667,330.93,0.716666666666667,169.25,"1.6.4.10928",13.49,157,34.55,2940,"1.6.4.10928",1020,"3 bands, uint8",52.3666666666667,8450,"1.6.4.10928"
"SQ09_02","High","Disabled",2.13333333333334,86.65,63559446,916.31,0.954792,1.30928,0.518462,1.62045,1.70137,157,86,124234,2.1,0.0472,0.826,157,157,"w gs 84 (epsg::4326)","yaw, pitch, roll","124,234 of 132,813","0.1882 (0.826198 pix)","0.566145 (44.357 pix)","3.17947 pix","3 bands, uint8","no","5.05508","high","yes","source","40,000","4,000","no","yes",1.41666666666667,330.93,0.716666666666667,169.25,"1.6.4.10928",13.49,157,34.6166666666667,2980,"1.6.4.10928",1050,"3 bands, uint8",52.0333333333333,8640,"1.6.4.10928"
"SQ09_02","Medium","Aggressive",2.13333333333334,23.9833333333333,10684022,153.63,0.954792,1.30928,0.518462,1.62045,1.70137,157,86,124234,2.14,0.0462,0.826,157,157,"w gs 84 (epsg::4326)","yaw, pitch, roll","124,234 of 132,813","0.1882 (0.826198 pix)","0.566145 (44.357 pix)","3.17947 pix","3 bands, uint8","no","5.05508","high","yes","source","40,000","4,000","no","yes",1.41666666666667,330.93,0.716666666666667,169.25,"1.6.4.10928",13.49,157,9.28333333333333,1140,"1.6.4.10928",265.08,"3 bands, uint8",14.7,4170,"1.6.4.10928"
"SQ09_02","Medium","Moderate",2.13333333333334,23.7666666666666,12828832,184.6,0.954792,1.30928,0.518462,1.62045,1.70137,157,86,124234,2.11,0.0462,0.826,157,157,"w gs 84 (epsg::4326)","yaw, pitch, roll","124,234 of 132,813","0.1882 (0.826198 pix)","0.566145 (44.357 pix)","3.17947 pix","3 bands, uint8","no","5.05508","high","yes","source","40,000","4,000","no","yes",1.41666666666667,330.93,0.716666666666667,169.25,"1.6.4.10928",13.49,157,9.18333333333333,1080,"1.6.4.10928",284.3,"3 bands, uint8",14.5833333333333,3710,"1.6.4.10928"
"SQ09_02","Medium","Mild",2.13333333333334,21.9333333333333,14485247,208.41,0.954792,1.30928,0.518462,1.62045,1.70137,157,86,124234,2.09,0.0461,0.826,157,157,"w gs 84 (epsg::4326)","yaw, pitch, roll","124,234 of 132,813","0.1882 (0.826198 pix)","0.566145 (44.357 pix)","3.17947 pix","3 bands, uint8","no","5.05508","high","yes","source","40,000","4,000","no","yes",1.41666666666667,330.93,0.716666666666667,169.25,"1.6.4.10928",13.49,157,9.38333333333333,1090,"1.6.4.10928",287.26,"3 bands, uint8",12.55,3810,"1.6.4.10928"
"SQ09_02","Medium","Disabled",2.13333333333334,21.7166666666667,14472962,208.3,0.954792,1.30928,0.518462,1.62045,1.70137,157,86,124234,2.09,0.0464,0.826,157,157,"w gs 84 (epsg::4326)","yaw, pitch, roll","124,234 of 132,813","0.1882 (0.826198 pix)","0.566145 (44.357 pix)","3.17947 pix","3 bands, uint8","no","5.05508","high","yes","source","40,000","4,000","no","yes",1.41666666666667,330.93,0.716666666666667,169.25,"1.6.4.10928",13.49,157,9.31666666666667,1130,"1.6.4.10928",292.14,"3 bands, uint8",12.4,4300,"1.6.4.10928"
"SQ09_02","Low","Aggressive",2.13333333333334,7.6,2560610,36.74,0.954792,1.30928,0.518462,1.62045,1.70137,157,86,124234,2.14,0.0241,0.826,157,157,"w gs 84 (epsg::4326)","yaw, pitch, roll","124,234 of 132,813","0.1882 (0.826198 pix)","0.566145 (44.357 pix)","3.17947 pix","3 bands, uint8","no","5.05508","high","yes","source","40,000","4,000","no","yes",1.41666666666667,330.93,0.716666666666667,169.25,"1.6.4.10928",13.49,157,3.7,578.86,"1.6.4.10928",75.08,"3 bands, uint8",3.9,1360,"1.6.4.10928"
"SQ09_02","Low","Moderate",2.13333333333334,7.31666666666666,2804688,40.25,0.954792,1.30928,0.518462,1.62045,1.70137,157,86,124234,2.13,0.0249,0.826,157,157,"w gs 84 (epsg::4326)","yaw, pitch, roll","124,234 of 132,813","0.1882 (0.826198 pix)","0.566145 (44.357 pix)","3.17947 pix","3 bands, uint8","no","5.05508","high","yes","source","40,000","4,000","no","yes",1.41666666666667,330.93,0.716666666666667,169.25,"1.6.4.10928",13.49,157,3.58333333333333,230.35,"1.6.4.10928",77.48,"3 bands, uint8",3.73333333333333,1410,"1.6.4.10928"
"SQ09_02","Low","Mild",2.13333333333334,7,3235215,46.44,0.954792,1.30928,0.518462,1.62045,1.70137,157,86,124234,2.11,0.0256,0.826,157,157,"w gs 84 (epsg::4326)","yaw, pitch, roll","124,234 of 132,813","0.1882 (0.826198 pix)","0.566145 (44.357 pix)","3.17947 pix","3 bands, uint8","no","5.05508","high","yes","source","40,000","4,000","no","yes",1.41666666666667,330.93,0.716666666666667,169.25,"1.6.4.10928",13.49,157,3.63333333333333,665.91,"1.6.4.10928",78.51,"3 bands, uint8",3.36666666666667,1440,"1.6.4.10928"
"SQ09_02","Low","Disabled",2.13333333333334,7.05,3233508,46.45,0.954792,1.30928,0.518462,1.62045,1.70137,157,86,124234,2.1,0.0268,0.826,157,157,"w gs 84 (epsg::4326)","yaw, pitch, roll","124,234 of 132,813","0.1882 (0.826198 pix)","0.566145 (44.357 pix)","3.17947 pix","3 bands, uint8","no","5.05508","high","yes","source","40,000","4,000","no","yes",1.41666666666667,330.93,0.716666666666667,169.25,"1.6.4.10928",13.49,157,3.65,713.77,"1.6.4.10928",80.05,"3 bands, uint8",3.4,1450,"1.6.4.10928"
"SQ09_02","Lowest","Aggressive",2.13333333333334,3,605226,8.66,0.954792,1.30928,0.518462,1.62045,1.70137,157,86,124234,2.13,6960,0.826,157,157,"w gs 84 (epsg::4326)","yaw, pitch, roll","124,234 of 132,813","0.1882 (0.826198 pix)","0.566145 (44.357 pix)","3.17947 pix","3 bands, uint8","no","5.05508","high","yes","source","40,000","4,000","no","yes",1.41666666666667,330.93,0.716666666666667,169.25,"1.6.4.10928",13.49,157,1.88333333333333,396.1,"1.6.4.10928",19.72,"3 bands, uint8",1.11666666666667,611.51,"1.6.4.10928"
"SQ09_02","Lowest","Moderate",2.13333333333334,3,630551,9.03,0.954792,1.30928,0.518462,1.62045,1.70137,157,86,124234,2.13,7100,0.826,157,157,"w gs 84 (epsg::4326)","yaw, pitch, roll","124,234 of 132,813","0.1882 (0.826198 pix)","0.566145 (44.357 pix)","3.17947 pix","3 bands, uint8","no","5.05508","high","yes","source","40,000","4,000","no","yes",1.41666666666667,330.93,0.716666666666667,169.25,"1.6.4.10928",13.49,157,1.83333333333333,230.63,"1.6.4.10928",19.97,"3 bands, uint8",1.16666666666667,408,"1.6.4.10928"
"SQ09_02","Lowest","Mild",2.13333333333334,3.05,689542,9.87,0.954792,1.30928,0.518462,1.62045,1.70137,157,86,124234,2.12,7370,0.826,157,157,"w gs 84 (epsg::4326)","yaw, pitch, roll","124,234 of 132,813","0.1882 (0.826198 pix)","0.566145 (44.357 pix)","3.17947 pix","3 bands, uint8","no","5.05508","high","yes","source","40,000","4,000","no","yes",1.41666666666667,330.93,0.716666666666667,169.25,"1.6.4.10928",13.49,157,1.83333333333333,230.66,"1.6.4.10928",20.42,"3 bands, uint8",1.21666666666667,637.86,"1.6.4.10928"
"SQ09_02","Lowest","Disabled",2.13333333333334,3.05,689740,9.88,0.954792,1.30928,0.518462,1.62045,1.70137,157,86,124234,2.12,7360,0.826,157,157,"w gs 84 (epsg::4326)","yaw, pitch, roll","124,234 of 132,813","0.1882 (0.826198 pix)","0.566145 (44.357 pix)","3.17947 pix","3 bands, uint8","no","5.05508","high","yes","source","40,000","4,000","no","yes",1.41666666666667,330.93,0.716666666666667,169.25,"1.6.4.10928",13.49,157,1.83333333333333,230.68,"1.6.4.10928",20.56,"3 bands, uint8",1.21666666666667,457.27,"1.6.4.10928"
"WA85_02","Ultra High","Aggressive",1.83333333333333,217.916666666667,274509634,3830,2.44631,0.875525,0.688272,2.59826,2.68788,144,69.6,182826,1.74,0.0389,0.619,144,144,"w gs 84 (epsg::4326)","yaw, pitch, roll","182,826 of 192,544","0.158662 (0.619208 pix)","0.477505 (46.469 pix)","3.0934 pix","3 bands, uint8","no","3.09087","high","yes","source","40,000","4,000","no","yes",1.4,312.14,0.433333333333333,203.73,"1.6.4.10928",13.84,144,52.9166666666667,5260,"1.6.4.10928",2870,"3 bands, uint8",165,31120,"1.6.4.10928"
"WA85_02","Ultra High","Moderate",1.83333333333333,213.85,332191216,4640,2.44631,0.875525,0.688272,2.59826,2.68788,144,69.6,182826,1.72,0.0389,0.619,144,144,"w gs 84 (epsg::4326)","yaw, pitch, roll","182,826 of 192,544","0.158662 (0.619208 pix)","0.477505 (46.469 pix)","3.0934 pix","3 bands, uint8","no","3.09087","high","yes","source","40,000","4,000","no","yes",1.4,312.14,0.433333333333333,203.73,"1.6.4.10928",13.84,144,52.85,5450,"1.6.4.10928",3180,"3 bands, uint8",161,31420,"1.6.4.10928"
"WA85_02","Ultra High","Mild",1.83333333333333,198.733333333333,345993526,4830,2.44631,0.875525,0.688272,2.59826,2.68788,144,69.6,182826,1.72,0.0387,0.619,144,144,"w gs 84 (epsg::4326)","yaw, pitch, roll","182,826 of 192,544","0.158662 (0.619208 pix)","0.477505 (46.469 pix)","3.0934 pix","3 bands, uint8","no","3.09087","high","yes","source","40,000","4,000","no","yes",1.4,312.14,0.433333333333333,203.73,"1.6.4.10928",13.84,144,53.7333333333333,5330,"1.6.4.10928",3070,"3 bands, uint8",145,31110,"1.6.4.10928"
"WA85_02","Ultra High","Disabled",1.83333333333333,209.016666666667,347477325,4860,2.44631,0.875525,0.688272,2.59826,2.68788,144,69.6,182826,1.72,0.0389,0.619,144,144,"w gs 84 (epsg::4326)","yaw, pitch, roll","182,826 of 192,544","0.158662 (0.619208 pix)","0.477505 (46.469 pix)","3.0934 pix","3 bands, uint8","no","3.09087","high","yes","source","40,000","4,000","no","yes",1.4,312.14,0.433333333333333,203.73,"1.6.4.10928",13.84,144,54.0166666666667,5370,"1.6.4.10928",3250,"3 bands, uint8",155,32560,"1.6.4.10928"
"WA85_02","High","Aggressive",1.83333333333333,47.0166666666666,57835771,832.95,2.44631,0.875525,0.688272,2.59826,2.68788,144,69.6,182826,1.73,0.0388,0.619,144,144,"w gs 84 (epsg::4326)","yaw, pitch, roll","182,826 of 192,544","0.158662 (0.619208 pix)","0.477505 (46.469 pix)","3.0934 pix","3 bands, uint8","no","3.09087","high","yes","source","40,000","4,000","no","yes",1.4,312.14,0.433333333333333,203.73,"1.6.4.10928",13.84,144,12.9833333333333,1830,"1.6.4.10928",822.2,"3 bands, uint8",34.0333333333333,8010,"1.6.4.10928"
"WA85_02","High","Moderate",1.83333333333333,46,70400894,1013.9,2.44631,0.875525,0.688272,2.59826,2.68788,144,69.6,182826,1.71,0.0387,0.619,144,144,"w gs 84 (epsg::4326)","yaw, pitch, roll","182,826 of 192,544","0.158662 (0.619208 pix)","0.477505 (46.469 pix)","3.0934 pix","3 bands, uint8","no","3.09087","high","yes","source","40,000","4,000","no","yes",1.4,312.14,0.433333333333333,203.73,"1.6.4.10928",13.84,144,12.9833333333333,1820,"1.6.4.10928",893.94,"3 bands, uint8",33.0166666666667,8030,"1.6.4.10928"
"WA85_02","High","Mild",1.83333333333333,42.5333333333333,75509615,1060,2.44631,0.875525,0.688272,2.59826,2.68788,144,69.6,182826,1.71,0.0385,0.619,144,144,"w gs 84 (epsg::4326)","yaw, pitch, roll","182,826 of 192,544","0.158662 (0.619208 pix)","0.477505 (46.469 pix)","3.0934 pix","3 bands, uint8","no","3.09087","high","yes","source","40,000","4,000","no","yes",1.4,312.14,0.433333333333333,203.73,"1.6.4.10928",13.84,144,13.25,1620,"1.6.4.10928",864.29,"3 bands, uint8",29.2833333333333,8080,"1.6.4.10928"
"WA85_02","High","Disabled",1.83333333333333,43.7833333333333,75789571,1070,2.44631,0.875525,0.688272,2.59826,2.68788,144,69.6,182826,1.7,0.0387,0.619,144,144,"w gs 84 (epsg::4326)","yaw, pitch, roll","182,826 of 192,544","0.158662 (0.619208 pix)","0.477505 (46.469 pix)","3.0934 pix","3 bands, uint8","no","3.09087","high","yes","source","40,000","4,000","no","yes",1.4,312.14,0.433333333333333,203.73,"1.6.4.10928",13.84,144,13.25,1670,"1.6.4.10928",900.99,"3 bands, uint8",30.5333333333333,8320,"1.6.4.10928"
"WA85_02","Medium","Aggressive",1.83333333333333,11.5833333333333,12727037,184.01,2.44631,0.875525,0.688272,2.59826,2.68788,144,69.6,182826,1.73,0.0381,0.619,144,144,"w gs 84 (epsg::4326)","yaw, pitch, roll","182,826 of 192,544","0.158662 (0.619208 pix)","0.477505 (46.469 pix)","3.0934 pix","3 bands, uint8","no","3.09087","high","yes","source","40,000","4,000","no","yes",1.4,312.14,0.433333333333333,203.73,"1.6.4.10928",13.84,144,3.58333333333333,874.62,"1.6.4.10928",225.81,"3 bands, uint8",8,4120,"1.6.4.10928"
"WA85_02","Medium","Moderate",1.83333333333333,11.2166666666667,15720428,227.21,2.44631,0.875525,0.688272,2.59826,2.68788,144,69.6,182826,1.7,0.0381,0.619,144,144,"w gs 84 (epsg::4326)","yaw, pitch, roll","182,826 of 192,544","0.158662 (0.619208 pix)","0.477505 (46.469 pix)","3.0934 pix","3 bands, uint8","no","3.09087","high","yes","source","40,000","4,000","no","yes",1.4,312.14,0.433333333333333,203.73,"1.6.4.10928",13.84,144,3.56666666666667,820.78,"1.6.4.10928",247.01,"3 bands, uint8",7.65,4300,"1.6.4.10928"
"WA85_02","Medium","Mild",1.83333333333333,10.2666666666667,17189009,248.28,2.44631,0.875525,0.688272,2.59826,2.68788,144,69.6,182826,1.69,0.0379,0.619,144,144,"w gs 84 (epsg::4326)","yaw, pitch, roll","182,826 of 192,544","0.158662 (0.619208 pix)","0.477505 (46.469 pix)","3.0934 pix","3 bands, uint8","no","3.09087","high","yes","source","40,000","4,000","no","yes",1.4,312.14,0.433333333333333,203.73,"1.6.4.10928",13.84,144,3.65,729,"1.6.4.10928",240.77,"3 bands, uint8",6.61666666666667,3930,"1.6.4.10928"
"WA85_02","Medium","Disabled",1.83333333333333,10.5,17262596,249.48,2.44631,0.875525,0.688272,2.59826,2.68788,144,69.6,182826,1.69,0.0381,0.619,144,144,"w gs 84 (epsg::4326)","yaw, pitch, roll","182,826 of 192,544","0.158662 (0.619208 pix)","0.477505 (46.469 pix)","3.0934 pix","3 bands, uint8","no","3.09087","high","yes","source","40,000","4,000","no","yes",1.4,312.14,0.433333333333333,203.73,"1.6.4.10928",13.84,144,3.63333333333333,827.68,"1.6.4.10928",249.31,"3 bands, uint8",6.86666666666667,4080,"1.6.4.10928"
"WA85_02","Low","Aggressive",1.83333333333333,3.66666666666667,2766534,40.01,2.44631,0.875525,0.688272,2.59826,2.68788,144,69.6,182826,1.76,0.0245,0.619,144,144,"w gs 84 (epsg::4326)","yaw, pitch, roll","182,826 of 192,544","0.158662 (0.619208 pix)","0.477505 (46.469 pix)","3.0934 pix","3 bands, uint8","no","3.09087","high","yes","source","40,000","4,000","no","yes",1.4,312.14,0.433333333333333,203.73,"1.6.4.10928",13.84,144,1.45,561.06,"1.6.4.10928",61.03,"3 bands, uint8",2.21666666666667,1570,"1.6.4.10928"
"WA85_02","Low","Moderate",1.83333333333333,3.46666666666666,3583976,51.79,2.44631,0.875525,0.688272,2.59826,2.68788,144,69.6,182826,1.71,0.0278,0.619,144,144,"w gs 84 (epsg::4326)","yaw, pitch, roll","182,826 of 192,544","0.158662 (0.619208 pix)","0.477505 (46.469 pix)","3.0934 pix","3 bands, uint8","no","3.09087","high","yes","source","40,000","4,000","no","yes",1.4,312.14,0.433333333333333,203.73,"1.6.4.10928",13.84,144,1.43333333333333,637.27,"1.6.4.10928",67.16,"3 bands, uint8",2.03333333333333,1680,"1.6.4.10928"
"WA85_02","Low","Mild",1.83333333333333,3.21666666666667,4030145,58.19,2.44631,0.875525,0.688272,2.59826,2.68788,144,69.6,182826,1.69,0.0301,0.619,144,144,"w gs 84 (epsg::4326)","yaw, pitch, roll","182,826 of 192,544","0.158662 (0.619208 pix)","0.477505 (46.469 pix)","3.0934 pix","3 bands, uint8","no","3.09087","high","yes","source","40,000","4,000","no","yes",1.4,312.14,0.433333333333333,203.73,"1.6.4.10928",13.84,144,1.46666666666667,673.02,"1.6.4.10928",66.73,"3 bands, uint8",1.75,1200,"1.6.4.10928"
"WA85_02","Low","Disabled",1.83333333333333,3.25,4062910,58.7,2.44631,0.875525,0.688272,2.59826,2.68788,144,69.6,182826,1.69,0.0321,0.619,144,144,"w gs 84 (epsg::4326)","yaw, pitch, roll","182,826 of 192,544","0.158662 (0.619208 pix)","0.477505 (46.469 pix)","3.0934 pix","3 bands, uint8","no","3.09087","high","yes","source","40,000","4,000","no","yes",1.4,312.14,0.433333333333333,203.73,"1.6.4.10928",13.84,144,1.45,636.33,"1.6.4.10928",68.92,"3 bands, uint8",1.8,1680,"1.6.4.10928"
"WA85_02","Lowest","Aggressive",1.83333333333333,1.58333333333333,693356,10,2.44631,0.875525,0.688272,2.59826,2.68788,144,69.6,182826,1.76,7120,0.619,144,144,"w gs 84 (epsg::4326)","yaw, pitch, roll","182,826 of 192,544","0.158662 (0.619208 pix)","0.477505 (46.469 pix)","3.0934 pix","3 bands, uint8","no","3.09087","high","yes","source","40,000","4,000","no","yes",1.4,312.14,0.433333333333333,203.73,"1.6.4.10928",13.84,144,0.8,241.68,"1.6.4.10928",17.06,"3 bands, uint8",0.783333333333333,465.29,"1.6.4.10928"
"WA85_02","Lowest","Moderate",1.83333333333333,1.56666666666667,768014,11.09,2.44631,0.875525,0.688272,2.59826,2.68788,144,69.6,182826,1.75,7410,0.619,144,144,"w gs 84 (epsg::4326)","yaw, pitch, roll","182,826 of 192,544","0.158662 (0.619208 pix)","0.477505 (46.469 pix)","3.0934 pix","3 bands, uint8","no","3.09087","high","yes","source","40,000","4,000","no","yes",1.4,312.14,0.433333333333333,203.73,"1.6.4.10928",13.84,144,0.8,252.15,"1.6.4.10928",17.57,"3 bands, uint8",0.766666666666667,486.89,"1.6.4.10928"
"WA85_02","Lowest","Mild",1.83333333333333,1.46666666666667,906806,13.07,2.44631,0.875525,0.688272,2.59826,2.68788,144,69.6,182826,1.72,8300,0.619,144,144,"w gs 84 (epsg::4326)","yaw, pitch, roll","182,826 of 192,544","0.158662 (0.619208 pix)","0.477505 (46.469 pix)","3.0934 pix","3 bands, uint8","no","3.09087","high","yes","source","40,000","4,000","no","yes",1.4,312.14,0.433333333333333,203.73,"1.6.4.10928",13.84,144,0.8,251.85,"1.6.4.10928",17.15,"3 bands, uint8",0.666666666666667,674.68,"1.6.4.10928"
"WA85_02","Lowest","Disabled",1.83333333333333,1.48333333333333,925888,13.36,2.44631,0.875525,0.688272,2.59826,2.68788,144,69.6,182826,1.71,9500,0.619,144,144,"w gs 84 (epsg::4326)","yaw, pitch, roll","182,826 of 192,544","0.158662 (0.619208 pix)","0.477505 (46.469 pix)","3.0934 pix","3 bands, uint8","no","3.09087","high","yes","source","40,000","4,000","no","yes",1.4,312.14,0.433333333333333,203.73,"1.6.4.10928",13.84,144,0.8,411,"1.6.4.10928",17.97,"3 bands, uint8",0.683333333333333,534.36,"1.6.4.10928"
NA,"Ultra High","Aggressive",2.13333333333334,444,217849350,3060,0.954792,1.30928,0.518462,1.62045,1.70137,157,86,124234,2.13,0.0475,0.826,157,157,"w gs 84 (epsg::4326)","yaw, pitch, roll","124,234 of 132,813","0.1882 (0.826198 pix)","0.5661 (44.3569 pix)","3.17947 pix","3 bands, uint8","no","5.05508","high","yes","source","40,000","4,000","no","yes",1.41666666666667,314.68,0.716666666666667,150.77,"1.6.4.10928",13.49,157,137,10570,"1.6.4.10928",3460,"3 bands, uint8",307,33000,"1.6.4.10928"
NA,"Ultra High","Moderate",2.13333333333334,435,273338064,3840,0.954792,1.30928,0.518462,1.62045,1.70137,157,86,124234,2.1,0.0476,0.826,157,157,"w gs 84 (epsg::4326)","yaw, pitch, roll","124,234 of 132,813","0.1882 (0.826198 pix)","0.5661 (44.3569 pix)","3.17947 pix","3 bands, uint8","no","5.05508","high","yes","source","40,000","4,000","no","yes",1.41666666666667,314.68,0.716666666666667,150.77,"1.6.4.10928",13.49,157,136,10430,"1.6.4.10928",3870,"3 bands, uint8",299,33020,"1.6.4.10928"
NA,"Ultra High","Mild",2.13333333333334,410,291916677,4100,0.954792,1.30928,0.518462,1.62045,1.70137,157,86,124234,2.1,0.0473,0.826,157,157,"w gs 84 (epsg::4326)","yaw, pitch, roll","124,234 of 132,813","0.1882 (0.826198 pix)","0.5661 (44.3569 pix)","3.17947 pix","3 bands, uint8","no","5.05508","high","yes","source","40,000","4,000","no","yes",1.41666666666667,314.68,0.716666666666667,150.77,"1.6.4.10928",13.49,157,140,10490,"1.6.4.10928",3790,"3 bands, uint8",270,33490,"1.6.4.10928"
NA,"Ultra High","Disabled",2.13333333333334,422,287222142,4040,0.954792,1.30928,0.518462,1.62045,1.70137,157,86,124234,2.1,0.0476,0.826,157,157,"w gs 84 (epsg::4326)","yaw, pitch, roll","124,234 of 132,813","0.1882 (0.826198 pix)","0.5661 (44.3569 pix)","3.17947 pix","3 bands, uint8","no","5.05508","high","yes","source","40,000","4,000","no","yes",1.41666666666667,314.68,0.716666666666667,150.77,"1.6.4.10928",13.49,157,140,10260,"1.6.4.10928",3990,"3 bands, uint8",282,34270,"1.6.4.10928"
NA,"High","Aggressive",2.13333333333334,93.3666666666666,48260672,695.39,0.954792,1.30928,0.518462,1.62045,1.70137,157,86,124234,2.12,0.0473,0.826,157,157,"w gs 84 (epsg::4326)","yaw, pitch, roll","124,234 of 132,813","0.1882 (0.826198 pix)","0.5661 (44.3569 pix)","3.17947 pix","3 bands, uint8","no","5.05508","high","yes","source","40,000","4,000","no","yes",1.41666666666667,314.68,0.716666666666667,150.77,"1.6.4.10928",13.49,157,33.7333333333333,3210,"1.6.4.10928",973.07,"3 bands, uint8",59.6333333333333,8450,"1.6.4.10928"
NA,"High","Moderate",2.13333333333334,90.85,58461078,842.59,0.954792,1.30928,0.518462,1.62045,1.70137,157,86,124234,2.1,0.0473,0.826,157,157,"w gs 84 (epsg::4326)","yaw, pitch, roll","124,234 of 132,813","0.1882 (0.826198 pix)","0.5661 (44.3569 pix)","3.17947 pix","3 bands, uint8","no","5.05508","high","yes","source","40,000","4,000","no","yes",1.41666666666667,314.68,0.716666666666667,150.77,"1.6.4.10928",13.49,157,33.4833333333333,2940,"1.6.4.10928",1030,"3 bands, uint8",57.3666666666667,8440,"1.6.4.10928"
NA,"High","Mild",2.13333333333334,84.4,63668779,917.38,0.954792,1.30928,0.518462,1.62045,1.70137,157,86,124234,2.1,0.047,0.826,157,157,"w gs 84 (epsg::4326)","yaw, pitch, roll","124,234 of 132,813","0.1882 (0.826198 pix)","0.5661 (44.3569 pix)","3.17947 pix","3 bands, uint8","no","5.05508","high","yes","source","40,000","4,000","no","yes",1.41666666666667,314.68,0.716666666666667,150.77,"1.6.4.10928",13.49,157,34.4333333333333,3130,"1.6.4.10928",1020,"3 bands, uint8",49.9666666666667,8440,"1.6.4.10928"
NA,"High","Disabled",2.13333333333334,86.0166666666667,63559317,916.37,0.954792,1.30928,0.518462,1.62045,1.70137,157,86,124234,2.1,0.0472,0.826,157,157,"w gs 84 (epsg::4326)","yaw, pitch, roll","124,234 of 132,813","0.1882 (0.826198 pix)","0.5661 (44.3569 pix)","3.17947 pix","3 bands, uint8","no","5.05508","high","yes","source","40,000","4,000","no","yes",1.41666666666667,314.68,0.716666666666667,150.77,"1.6.4.10928",13.49,157,34.4166666666667,3120,"1.6.4.10928",1050,"3 bands, uint8",51.6,8670,"1.6.4.10928"
NA,"Medium","Aggressive",2.13333333333334,23.4666666666667,10700962,153.86,0.954792,1.30928,0.518462,1.62045,1.70137,157,86,124234,2.14,0.0462,0.826,157,157,"w gs 84 (epsg::4326)","yaw, pitch, roll","124,234 of 132,813","0.1882 (0.826198 pix)","0.5661 (44.3569 pix)","3.17947 pix","3 bands, uint8","no","5.05508","high","yes","source","40,000","4,000","no","yes",1.41666666666667,314.68,0.716666666666667,150.77,"1.6.4.10928",13.49,157,9.15,1090,"1.6.4.10928",265.14,"3 bands, uint8",14.3166666666667,4180,"1.6.4.10928"
NA,"Medium","Moderate",2.13333333333334,22.7333333333333,12847399,184.84,0.954792,1.30928,0.518462,1.62045,1.70137,157,86,124234,2.11,0.0462,0.826,157,157,"w gs 84 (epsg::4326)","yaw, pitch, roll","124,234 of 132,813","0.1882 (0.826198 pix)","0.5661 (44.3569 pix)","3.17947 pix","3 bands, uint8","no","5.05508","high","yes","source","40,000","4,000","no","yes",1.41666666666667,314.68,0.716666666666667,150.77,"1.6.4.10928",13.49,157,9.05,1080,"1.6.4.10928",284.3,"3 bands, uint8",13.6833333333333,3740,"1.6.4.10928"
NA,"Medium","Mild",2.13333333333334,21.1666666666667,14503110,208.67,0.954792,1.30928,0.518462,1.62045,1.70137,157,86,124234,2.09,0.0461,0.826,157,157,"w gs 84 (epsg::4326)","yaw, pitch, roll","124,234 of 132,813","0.1882 (0.826198 pix)","0.5661 (44.3569 pix)","3.17947 pix","3 bands, uint8","no","5.05508","high","yes","source","40,000","4,000","no","yes",1.41666666666667,314.68,0.716666666666667,150.77,"1.6.4.10928",13.49,157,9.2,1250,"1.6.4.10928",287.25,"3 bands, uint8",11.9666666666667,4330,"1.6.4.10928"
NA,"Medium","Disabled",2.13333333333334,21.2833333333333,14475534,208.35,0.954792,1.30928,0.518462,1.62045,1.70137,157,86,124234,2.09,0.0464,0.826,157,157,"w gs 84 (epsg::4326)","yaw, pitch, roll","124,234 of 132,813","0.1882 (0.826198 pix)","0.5661 (44.3569 pix)","3.17947 pix","3 bands, uint8","no","5.05508","high","yes","source","40,000","4,000","no","yes",1.41666666666667,314.68,0.716666666666667,150.77,"1.6.4.10928",13.49,157,9.23333333333333,1120,"1.6.4.10928",292.1,"3 bands, uint8",12.05,4000,"1.6.4.10928"
NA,"Low","Aggressive",2.13333333333334,7.41666666666667,2561805,36.75,0.954792,1.30928,0.518462,1.62045,1.70137,157,86,124234,2.14,0.0243,0.826,157,157,"w gs 84 (epsg::4326)","yaw, pitch, roll","124,234 of 132,813","0.1882 (0.826198 pix)","0.5661 (44.3569 pix)","3.17947 pix","3 bands, uint8","no","5.05508","high","yes","source","40,000","4,000","no","yes",1.41666666666667,314.68,0.716666666666667,150.77,"1.6.4.10928",13.49,157,3.61666666666667,580.38,"1.6.4.10928",75.08,"3 bands, uint8",3.8,1390,"1.6.4.10928"
NA,"Low","Moderate",2.13333333333334,7.21666666666667,2806235,40.28,0.954792,1.30928,0.518462,1.62045,1.70137,157,86,124234,2.12,0.0249,0.826,157,157,"w gs 84 (epsg::4326)","yaw, pitch, roll","124,234 of 132,813","0.1882 (0.826198 pix)","0.5661 (44.3569 pix)","3.17947 pix","3 bands, uint8","no","5.05508","high","yes","source","40,000","4,000","no","yes",1.41666666666667,314.68,0.716666666666667,150.77,"1.6.4.10928",13.49,157,3.56666666666667,652.93,"1.6.4.10928",77.48,"3 bands, uint8",3.65,993.36,"1.6.4.10928"
NA,"Low","Mild",2.13333333333334,7.1,3236508,46.45,0.954792,1.30928,0.518462,1.62045,1.70137,157,86,124234,2.11,0.0261,0.826,157,157,"w gs 84 (epsg::4326)","yaw, pitch, roll","124,234 of 132,813","0.1882 (0.826198 pix)","0.5661 (44.3569 pix)","3.17947 pix","3 bands, uint8","no","5.05508","high","yes","source","40,000","4,000","no","yes",1.41666666666667,314.68,0.716666666666667,150.77,"1.6.4.10928",13.49,157,3.65,683.41,"1.6.4.10928",78.5,"3 bands, uint8",3.45,1440,"1.6.4.10928"
NA,"Low","Disabled",2.13333333333334,7.2,3239746,46.53,0.954792,1.30928,0.518462,1.62045,1.70137,157,86,124234,2.1,0.0271,0.826,157,157,"w gs 84 (epsg::4326)","yaw, pitch, roll","124,234 of 132,813","0.1882 (0.826198 pix)","0.5661 (44.3569 pix)","3.17947 pix","3 bands, uint8","no","5.05508","high","yes","source","40,000","4,000","no","yes",1.41666666666667,314.68,0.716666666666667,150.77,"1.6.4.10928",13.49,157,3.73333333333333,716.54,"1.6.4.10928",80.06,"3 bands, uint8",3.46666666666667,1460,"1.6.4.10928"
NA,"Lowest","Aggressive",2.13333333333334,2.91666666666666,605101,8.66,0.954792,1.30928,0.518462,1.62045,1.70137,157,86,124234,2.13,7000,0.826,157,157,"w gs 84 (epsg::4326)","yaw, pitch, roll","124,234 of 132,813","0.1882 (0.826198 pix)","0.5661 (44.3569 pix)","3.17947 pix","3 bands, uint8","no","5.05508","high","yes","source","40,000","4,000","no","yes",1.41666666666667,314.68,0.716666666666667,150.77,"1.6.4.10928",13.49,157,1.83333333333333,369.62,"1.6.4.10928",19.72,"3 bands, uint8",1.08333333333333,420.62,"1.6.4.10928"
NA,"Lowest","Moderate",2.13333333333334,2.93333333333333,631308,9.04,0.954792,1.30928,0.518462,1.62045,1.70137,157,86,124234,2.13,7030,0.826,157,157,"w gs 84 (epsg::4326)","yaw, pitch, roll","124,234 of 132,813","0.1882 (0.826198 pix)","0.5661 (44.3569 pix)","3.17947 pix","3 bands, uint8","no","5.05508","high","yes","source","40,000","4,000","no","yes",1.41666666666667,314.68,0.716666666666667,150.77,"1.6.4.10928",13.49,157,1.8,231.29,"1.6.4.10928",19.97,"3 bands, uint8",1.13333333333333,608.3,"1.6.4.10928"
NA,"Lowest","Mild",2.13333333333334,2.98333333333333,690301,9.88,0.954792,1.30928,0.518462,1.62045,1.70137,157,86,124234,2.12,7380,0.826,157,157,"w gs 84 (epsg::4326)","yaw, pitch, roll","124,234 of 132,813","0.1882 (0.826198 pix)","0.5661 (44.3569 pix)","3.17947 pix","3 bands, uint8","no","5.05508","high","yes","source","40,000","4,000","no","yes",1.41666666666667,314.68,0.716666666666667,150.77,"1.6.4.10928",13.49,157,1.8,411.89,"1.6.4.10928",20.42,"3 bands, uint8",1.18333333333333,446.27,"1.6.4.10928"
NA,"Lowest","Disabled",2.13333333333334,3,691004,9.9,0.954792,1.30928,0.518462,1.62045,1.70137,157,86,124234,2.12,7370,0.826,157,157,"w gs 84 (epsg::4326)","yaw, pitch, roll","124,234 of 132,813","0.1882 (0.826198 pix)","0.5661 (44.3569 pix)","3.17947 pix","3 bands, uint8","no","5.05508","high","yes","source","40,000","4,000","no","yes",1.41666666666667,314.68,0.716666666666667,150.77,"1.6.4.10928",13.49,157,1.81666666666667,233.82,"1.6.4.10928",20.57,"3 bands, uint8",1.18333333333333,613.61,"1.6.4.10928"
